{
  "metadata": {
    "schemaVersion": "1.0",
    "importType": "LEX",
    "importFormat": "JSON"
  },
  "resource": {
    "description": "currencyPairs",
    "name": "currencyType",
    "version": "4",
    "enumerationValues": [
      {
        "value": "aud",
        "synonyms": [
          "Aud",
          "Aussie, AUD, Australian Dollar"
        ]
      },
      {
        "value": "jpy",
        "synonyms": [
          "Japan, YEN, yen, Yen,",
          "JPY"
        ]
      },
      {
        "value": "eur",
        "synonyms": [
          "EUR,euro,",
          "Eur"
        ]
      },
      {
        "value": "gbp",
        "synonyms": [
          "British pound, pound sterling, pound, sterling, penny, quid, Sterling",
          "GBP"
        ]
      },
      {
        "value": "usd",
        "synonyms": [
          "USD,",
          "US Dollar,",
          "Dollar"
        ]
      },
      {
        "value": "nzd",
        "synonyms": [
          "kiwi, Kiwi, NZD, New Zealand"
        ]
      },
      {
        "value": "try"
      }
    ],
    "valueSelectionStrategy": "TOP_RESOLUTION"
  }
}