{
  "metadata": {
    "schemaVersion": "1.0",
    "importType": "LEX",
    "importFormat": "JSON"
  },
  "resource": {
    "description": "Categorical Variable - Home Ownership",
    "name": "person_home_ownership",
    "version": "3",
    "enumerationValues": [
      {
        "value": "other",
        "synonyms": [
          "OTHER"
        ]
      },
      {
        "value": "mortgage",
        "synonyms": [
          "MORTGAGE"
        ]
      },
      {
        "value": "own",
        "synonyms": [
          "OWN"
        ]
      },
      {
        "value": "rent",
        "synonyms": [
          "RENT"
        ]
      }
    ],
    "valueSelectionStrategy": "TOP_RESOLUTION"
  }
}